{"paths": {"admin/js/vendor/select2/i18n/sk.js": "admin/js/vendor/select2/i18n/sk.33d02cef8d11.js", "admin/js/vendor/select2/i18n/hi.js": "admin/js/vendor/select2/i18n/hi.70640d41628f.js", "admin/js/vendor/select2/i18n/tk.js": "admin/js/vendor/select2/i18n/tk.7c572a68c78f.js", "admin/js/vendor/select2/i18n/ms.js": "admin/js/vendor/select2/i18n/ms.4ba82c9a51ce.js", "admin/js/vendor/select2/i18n/el.js": "admin/js/vendor/select2/i18n/el.27097f071856.js", "admin/js/vendor/select2/i18n/tr.js": "admin/js/vendor/select2/i18n/tr.b5a0643d1545.js", "admin/js/vendor/select2/i18n/cs.js": "admin/js/vendor/select2/i18n/cs.4f43e8e7d33a.js", "admin/js/vendor/select2/i18n/th.js": "admin/js/vendor/select2/i18n/th.f38c20b0221b.js", "admin/js/vendor/select2/i18n/hy.js": "admin/js/vendor/select2/i18n/hy.c7babaeef5a6.js", "admin/js/vendor/select2/i18n/mk.js": "admin/js/vendor/select2/i18n/mk.dabbb9087130.js", "admin/js/vendor/select2/i18n/id.js": "admin/js/vendor/select2/i18n/id.04debded514d.js", "admin/js/vendor/select2/i18n/ar.js": "admin/js/vendor/select2/i18n/ar.65aa8e36bf5d.js", "admin/js/vendor/select2/i18n/bn.js": "admin/js/vendor/select2/i18n/bn.6d42b4dd5665.js", "admin/js/vendor/select2/i18n/es.js": "admin/js/vendor/select2/i18n/es.66dbc2652fb1.js", "admin/js/vendor/select2/i18n/hsb.js": "admin/js/vendor/select2/i18n/hsb.fa3b55265efe.js", "admin/js/vendor/select2/i18n/nl.js": "admin/js/vendor/select2/i18n/nl.997868a37ed8.js", "admin/js/vendor/select2/i18n/fr.js": "admin/js/vendor/select2/i18n/fr.05e0542fcfe6.js", "admin/js/vendor/select2/i18n/km.js": "admin/js/vendor/select2/i18n/km.c23089cb06ca.js", "admin/js/vendor/select2/i18n/fa.js": "admin/js/vendor/select2/i18n/fa.3b5bd1961cfd.js", "admin/js/vendor/select2/i18n/gl.js": "admin/js/vendor/select2/i18n/gl.d99b1fedaa86.js", "admin/js/vendor/select2/i18n/dsb.js": "admin/js/vendor/select2/i18n/dsb.56372c92d2f1.js", "admin/js/vendor/select2/i18n/en.js": "admin/js/vendor/select2/i18n/en.cf932ba09a98.js", "admin/js/vendor/select2/i18n/af.js": "admin/js/vendor/select2/i18n/af.4f6fcd73488c.js", "admin/js/vendor/select2/i18n/ko.js": "admin/js/vendor/select2/i18n/ko.e7be6c20e673.js", "admin/js/vendor/select2/i18n/sr.js": "admin/js/vendor/select2/i18n/sr.5ed85a48f483.js", "admin/js/vendor/select2/i18n/ka.js": "admin/js/vendor/select2/i18n/ka.2083264a54f0.js", "admin/js/vendor/select2/i18n/hu.js": "admin/js/vendor/select2/i18n/hu.6ec6039cb8a3.js", "admin/js/vendor/select2/i18n/ca.js": "admin/js/vendor/select2/i18n/ca.a166b745933a.js", "admin/js/vendor/select2/i18n/bg.js": "admin/js/vendor/select2/i18n/bg.39b8be30d4f0.js", "admin/js/vendor/select2/i18n/da.js": "admin/js/vendor/select2/i18n/da.766346afe4dd.js", "admin/js/vendor/select2/i18n/ru.js": "admin/js/vendor/select2/i18n/ru.934aa95f5b5f.js", "admin/js/vendor/select2/i18n/ne.js": "admin/js/vendor/select2/i18n/ne.3d79fd3f08db.js", "admin/js/vendor/select2/i18n/eu.js": "admin/js/vendor/select2/i18n/eu.adfe5c97b72c.js", "admin/js/vendor/select2/i18n/hr.js": "admin/js/vendor/select2/i18n/hr.a2b092cc1147.js", "admin/js/vendor/select2/i18n/lv.js": "admin/js/vendor/select2/i18n/lv.08e62128eac1.js", "admin/js/vendor/select2/i18n/vi.js": "admin/js/vendor/select2/i18n/vi.097a5b75b3e1.js", "admin/js/vendor/select2/i18n/lt.js": "admin/js/vendor/select2/i18n/lt.23c7ce903300.js", "admin/js/vendor/select2/i18n/he.js": "admin/js/vendor/select2/i18n/he.e420ff6cd3ed.js", "admin/js/vendor/select2/i18n/ja.js": "admin/js/vendor/select2/i18n/ja.170ae885d74f.js", "admin/js/vendor/select2/i18n/uk.js": "admin/js/vendor/select2/i18n/uk.8cede7f4803c.js", "admin/js/vendor/select2/i18n/ps.js": "admin/js/vendor/select2/i18n/ps.38dfa47af9e0.js", "admin/js/vendor/select2/i18n/it.js": "admin/js/vendor/select2/i18n/it.be4fe8d365b5.js", "admin/js/vendor/select2/i18n/fi.js": "admin/js/vendor/select2/i18n/fi.614ec42aa9ba.js", "admin/js/vendor/select2/i18n/zh-CN.js": "admin/js/vendor/select2/i18n/zh-CN.2cff662ec5f9.js", "admin/js/vendor/select2/i18n/zh-TW.js": "admin/js/vendor/select2/i18n/zh-TW.04554a227c2b.js", "admin/js/vendor/select2/i18n/az.js": "admin/js/vendor/select2/i18n/az.270c257daf81.js", "admin/js/vendor/select2/i18n/sq.js": "admin/js/vendor/select2/i18n/sq.5636b60d29c9.js", "admin/js/vendor/select2/i18n/et.js": "admin/js/vendor/select2/i18n/et.2b96fd98289d.js", "admin/js/vendor/select2/i18n/bs.js": "admin/js/vendor/select2/i18n/bs.91624382358e.js", "admin/js/vendor/select2/i18n/sl.js": "admin/js/vendor/select2/i18n/sl.131a78bc0752.js", "admin/js/vendor/select2/i18n/pt.js": "admin/js/vendor/select2/i18n/pt.33b4a3b44d43.js", "admin/js/vendor/select2/i18n/pl.js": "admin/js/vendor/select2/i18n/pl.6031b4f16452.js", "admin/js/vendor/select2/i18n/sv.js": "admin/js/vendor/select2/i18n/sv.7a9c2f71e777.js", "admin/js/vendor/select2/i18n/sr-Cyrl.js": "admin/js/vendor/select2/i18n/sr-Cyrl.f254bb8c4c7c.js", "admin/js/vendor/select2/i18n/nb.js": "admin/js/vendor/select2/i18n/nb.da2fce143f27.js", "admin/js/vendor/select2/i18n/pt-BR.js": "admin/js/vendor/select2/i18n/pt-BR.e1b294433e7f.js", "admin/js/vendor/select2/i18n/is.js": "admin/js/vendor/select2/i18n/is.3ddd9a6a97e9.js", "admin/js/vendor/select2/i18n/de.js": "admin/js/vendor/select2/i18n/de.8a1c222b0204.js", "admin/js/vendor/select2/i18n/ro.js": "admin/js/vendor/select2/i18n/ro.f75cb460ec3b.js", "admin/js/vendor/xregexp/xregexp.min.js": "admin/js/vendor/xregexp/xregexp.min.f1ae4617847c.js", "admin/js/vendor/xregexp/xregexp.js": "admin/js/vendor/xregexp/xregexp.a7e08b0ce686.js", "admin/js/vendor/xregexp/LICENSE.txt": "admin/js/vendor/xregexp/LICENSE.b6fd2ceea8d3.txt", "admin/js/vendor/select2/select2.full.js": "admin/js/vendor/select2/select2.full.c2afdeda3058.js", "admin/js/vendor/select2/LICENSE.md": "admin/js/vendor/select2/LICENSE.f94142512c91.md", "admin/js/vendor/select2/select2.full.min.js": "admin/js/vendor/select2/select2.full.min.fcd7500d8e13.js", "admin/js/vendor/jquery/jquery.js": "admin/js/vendor/jquery/jquery.12e87d2f3a4c.js", "admin/js/vendor/jquery/jquery.min.js": "admin/js/vendor/jquery/jquery.min.2c872dbe60f4.js", "admin/js/vendor/jquery/LICENSE.txt": "admin/js/vendor/jquery/LICENSE.de877aa6d744.txt", "admin/css/vendor/select2/LICENSE-SELECT2.md": "admin/css/vendor/select2/LICENSE-SELECT2.f94142512c91.md", "admin/css/vendor/select2/select2.css": "admin/css/vendor/select2/select2.a2194c262648.css", "admin/css/vendor/select2/select2.min.css": "admin/css/vendor/select2/select2.min.9f54e6414f87.css", "wagtailimages/js/vendor/canvas-to-blob.min.js": "wagtailimages/js/vendor/canvas-to-blob.min.7ab9af976fbb.js", "wagtailimages/js/vendor/load-image.min.js": "wagtailimages/js/vendor/load-image.min.b0541c3e69e3.js", "wagtailimages/js/vendor/jquery.fileupload-image.js": "wagtailimages/js/vendor/jquery.fileupload-image.066a27892b38.js", "wagtailimages/js/vendor/jquery.Jcrop.min.js": "wagtailimages/js/vendor/jquery.Jcrop.min.2b9a25516bf5.js", "wagtailimages/js/vendor/jquery.fileupload-validate.js": "wagtailimages/js/vendor/jquery.fileupload-validate.cc2df1f035eb.js", "wagtailadmin/js/vendor/jquery.iframe-transport.js": "wagtailadmin/js/vendor/jquery.iframe-transport.a360de075bb2.js", "wagtailadmin/js/vendor/jquery-3.6.0.min.js": "wagtailadmin/js/vendor/jquery-3.6.0.min.61651206bfdf.js", "wagtailadmin/js/vendor/bootstrap-modal.js": "wagtailadmin/js/vendor/bootstrap-modal.cdc66c08f351.js", "wagtailadmin/js/vendor/jquery-ui-1.13.2.min.js.LICENSE.txt": "wagtailadmin/js/vendor/jquery-ui-1.13.2.min.js.LICENSE.e408add35cca.txt", "wagtailadmin/js/vendor/jquery.ba-throttle-debounce.min.js": "wagtailadmin/js/vendor/jquery.ba-throttle-debounce.min.c8e2888d6bbd.js", "wagtailadmin/js/vendor/jquery-ui-1.13.2.min.js": "wagtailadmin/js/vendor/jquery-ui-1.13.2.min.26d3af3a7ec4.js", "wagtailadmin/js/vendor/jquery.datetimepicker.js": "wagtailadmin/js/vendor/jquery.datetimepicker.fbf3bcc62367.js", "wagtailadmin/js/vendor/jquery-3.6.0.min.js.LICENSE.txt": "wagtailadmin/js/vendor/jquery-3.6.0.min.js.LICENSE.3256b7d2fae1.txt", "wagtailadmin/js/vendor/rangy-core.js": "wagtailadmin/js/vendor/rangy-core.6171145a0149.js", "wagtailadmin/js/vendor/tag-it.js": "wagtailadmin/js/vendor/tag-it.62e82d152a56.js", "wagtailadmin/js/vendor/jquery.datetimepicker.js.LICENSE.txt": "wagtailadmin/js/vendor/jquery.datetimepicker.js.LICENSE.ed01cc285233.txt", "wagtailadmin/js/vendor/jquery.fileupload-process.js": "wagtailadmin/js/vendor/jquery.fileupload-process.04c33392cb40.js", "wagtailadmin/js/vendor/bootstrap-transition.js": "wagtailadmin/js/vendor/bootstrap-transition.45d42097d2a3.js", "wagtailadmin/js/vendor/uuidv4.min.js": "wagtailadmin/js/vendor/uuidv4.min.b0c7434c7a4c.js", "wagtailadmin/js/vendor/jquery.fileupload.js": "wagtailadmin/js/vendor/jquery.fileupload.d88bcc48f870.js", "wagtailadmin/js/telepath/widgets.js": "wagtailadmin/js/telepath/widgets.e2ac1c6012cb.js", "wagtailadmin/js/telepath/blocks.js": "wagtailadmin/js/telepath/blocks.6a07265334f2.js", "wagtailadmin/js/telepath/telepath.js": "wagtailadmin/js/telepath/telepath.563022e43ea3.js", "wagtailadmin/css/panels/draftail.js": "wagtailadmin/css/panels/draftail.d41d8cd98f00.js", "wagtailadmin/css/panels/streamfield.css": "wagtailadmin/css/panels/streamfield.4a35a3f70581.css", "wagtailadmin/css/panels/draftail.css": "wagtailadmin/css/panels/draftail.347800fa3007.css", "wagtailadmin/css/panels/streamfield.js": "wagtailadmin/css/panels/streamfield.d41d8cd98f00.js", "wagtailadmin/images/icons/home.svg": "wagtailadmin/images/icons/home.5037a6fc8098.svg", "wagtailadmin/images/icons/spinner.svg": "wagtailadmin/images/icons/spinner.d975ca0dd50e.svg", "wagtailadmin/images/icons/check.svg": "wagtailadmin/images/icons/check.ef6c996f2262.svg", "wagtailadmin/images/icons/cross.svg": "wagtailadmin/images/icons/cross.66b781c0c219.svg", "wagtailadmin/images/icons/arrow-left.svg": "wagtailadmin/images/icons/arrow-left.c6fcc84dcc37.svg", "wagtailadmin/images/icons/warning.svg": "wagtailadmin/images/icons/warning.821006ddbe1c.svg", "wagtailadmin/images/icons/radio-full.svg": "wagtailadmin/images/icons/radio-full.c6aa220475df.svg", "wagtailadmin/images/icons/arrow-down.svg": "wagtailadmin/images/icons/arrow-down.676a2040457d.svg", "wagtailadmin/images/icons/arrow-up.svg": "wagtailadmin/images/icons/arrow-up.8a4bee43d891.svg", "wagtailadmin/images/icons/arrow-right.svg": "wagtailadmin/images/icons/arrow-right.34c6be4afa76.svg", "wagtailadmin/images/icons/tag.svg": "wagtailadmin/images/icons/tag.a14198b47c11.svg", "admin/js/admin/DateTimeShortcuts.js": "admin/js/admin/DateTimeShortcuts.9f6e209cebca.js", "admin/js/admin/RelatedObjectLookups.js": "admin/js/admin/RelatedObjectLookups.874743a87811.js", "admin/img/gis/move_vertex_off.svg": "admin/img/gis/move_vertex_off.7a23bf31ef8a.svg", "admin/img/gis/move_vertex_on.svg": "admin/img/gis/move_vertex_on.0047eba25b67.svg", "wagtailembeds/js/embed-chooser-modal.js": "wagtailembeds/js/embed-chooser-modal.73ef0c038995.js", "wagtailusers/js/group-form.js": "wagtailusers/js/group-form.9560de5c7379.js", "wagtailsnippets/js/snippet-chooser.js": "wagtailsnippets/js/snippet-chooser.585329bd9391.js", "wagtailsnippets/js/snippet-chooser-telepath.js": "wagtailsnippets/js/snippet-chooser-telepath.786082186846.js", "wagtaildocs/js/document-chooser.js": "wagtaildocs/js/document-chooser.c45a57d48c8e.js", "wagtaildocs/js/document-chooser-telepath.js": "wagtaildocs/js/document-chooser-telepath.3fea6440680f.js", "wagtaildocs/js/document-chooser-modal.js": "wagtaildocs/js/document-chooser-modal.cd25cc60c48d.js", "wagtaildocs/js/add-multiple.js": "wagtaildocs/js/add-multiple.3dcecf0be23b.js", "wagtailimages/js/image-chooser-telepath.js": "wagtailimages/js/image-chooser-telepath.5baff9ca1553.js", "wagtailimages/js/image-chooser-modal.js": "wagtailimages/js/image-chooser-modal.ffcb89328c3b.js", "wagtailimages/js/image-chooser.js": "wagtailimages/js/image-chooser.586ba3348dab.js", "wagtailimages/js/focal-point-chooser.js": "wagtailimages/js/focal-point-chooser.8f0d080bed6e.js", "wagtailimages/js/image-url-generator.js": "wagtailimages/js/image-url-generator.1bb5ec6e2a7a.js", "wagtailimages/js/add-multiple.js": "wagtailimages/js/add-multiple.8affadb886dc.js", "wagtailimages/js/image-block.js": "wagtailimages/js/image-block.b923d17fcf57.js", "wagtailimages/images/Jcrop.gif": "wagtailimages/images/Jcrop.7a4b4c6ebdb5.gif", "wagtailadmin/js/privacy-switch.js": "wagtailadmin/js/privacy-switch.abbf451adff6.js", "wagtailadmin/js/wagtailadmin.js": "wagtailadmin/js/wagtailadmin.24a29eb386dc.js", "wagtailadmin/js/date-time-chooser.js": "wagtailadmin/js/date-time-chooser.5e46b6e09be8.js", "wagtailadmin/js/core.js.LICENSE.txt": "wagtailadmin/js/core.js.LICENSE.c4bf301bc7d5.txt", "wagtailadmin/js/chooser-modal.js": "wagtailadmin/js/chooser-modal.22456f606709.js", "wagtailadmin/js/core.js": "wagtailadmin/js/core.80f4d0d150f4.js", "wagtailadmin/js/page-chooser.js": "wagtailadmin/js/page-chooser.68fbe8148947.js", "wagtailadmin/js/expanding-formset.js": "wagtailadmin/js/expanding-formset.e571cfa05117.js", "wagtailadmin/js/draftail.js": "wagtailadmin/js/draftail.9b35260bc863.js", "wagtailadmin/js/modal-workflow.js": "wagtailadmin/js/modal-workflow.39c53b51ed0d.js", "wagtailadmin/js/filtered-select.js": "wagtailadmin/js/filtered-select.64ddbafd9f28.js", "wagtailadmin/js/page-chooser-modal.js": "wagtailadmin/js/page-chooser-modal.d4b69889e86c.js", "wagtailadmin/js/sidebar.js": "wagtailadmin/js/sidebar.4e42b3624295.js", "wagtailadmin/js/draftail.js.LICENSE.txt": "wagtailadmin/js/draftail.js.LICENSE.857350bf225d.txt", "wagtailadmin/js/task-chooser.js": "wagtailadmin/js/task-chooser.5a5af3f2459d.js", "wagtailadmin/js/page-chooser-telepath.js": "wagtailadmin/js/page-chooser-telepath.ccbf56a72744.js", "wagtailadmin/js/workflow-action.js": "wagtailadmin/js/workflow-action.c5773c26b395.js", "wagtailadmin/js/sidebar.js.LICENSE.txt": "wagtailadmin/js/sidebar.js.LICENSE.6aba5ef5ea84.txt", "wagtailadmin/js/userbar.js.LICENSE.txt": "wagtailadmin/js/userbar.js.LICENSE.c9421b7584a8.txt", "wagtailadmin/js/task-chooser-modal.js": "wagtailadmin/js/task-chooser-modal.879f4477c581.js", "wagtailadmin/js/chooser-widget.js": "wagtailadmin/js/chooser-widget.4570771936c4.js", "wagtailadmin/js/vendor.js": "wagtailadmin/js/vendor.60167f32811b.js", "wagtailadmin/js/bulk-actions.js": "wagtailadmin/js/bulk-actions.2f7f0bd7fe95.js", "wagtailadmin/js/vendor.js.LICENSE.txt": "wagtailadmin/js/vendor.js.LICENSE.5e252af7bb51.txt", "wagtailadmin/js/icons.js": "wagtailadmin/js/icons.d9c4db7c5bb9.js", "wagtailadmin/js/userbar.js": "wagtailadmin/js/userbar.0264c262da16.js", "wagtailadmin/js/comments.js": "wagtailadmin/js/comments.77e2049378f7.js", "wagtailadmin/js/chooser-widget-telepath.js": "wagtailadmin/js/chooser-widget-telepath.9ed65164085b.js", "wagtailadmin/css/core.css": "wagtailadmin/css/core.66f9de5b23cc.css", "wagtailadmin/css/core.js": "wagtailadmin/css/core.d41d8cd98f00.js", "wagtailadmin/images/transparency.svg": "wagtailadmin/images/transparency.3c218ccc676a.svg", "wagtailadmin/images/default-user-avatar.png": "wagtailadmin/images/default-user-avatar.ae04736b9d20.png", "wagtailadmin/images/email-header.jpg": "wagtailadmin/images/email-header.68582f331be0.jpg", "wagtailadmin/images/bg-body.svg": "wagtailadmin/images/bg-body.968460e7756d.svg", "wagtailadmin/images/bg-light-diag.svg": "wagtailadmin/images/bg-light-diag.0e5085d6afed.svg", "wagtailadmin/images/favicon.ico": "wagtailadmin/images/favicon.048342b6f401.ico", "wagtailadmin/images/bg-dark-diag.svg": "wagtailadmin/images/bg-dark-diag.baaa4548cd3b.svg", "admin/js/prepopulate_init.js": "admin/js/prepopulate_init.6cac7f3105b8.js", "admin/js/change_form.js": "admin/js/change_form.9d8ca4f96b75.js", "admin/js/jquery.init.js": "admin/js/jquery.init.b7781a0897fc.js", "admin/js/cancel.js": "admin/js/cancel.ecc4c5ca7b32.js", "admin/js/prepopulate.js": "admin/js/prepopulate.bd2361dfd64d.js", "admin/js/inlines.js": "admin/js/inlines.22d4d93c00b4.js", "admin/js/SelectBox.js": "admin/js/SelectBox.7d3ce5a98007.js", "admin/js/core.js": "admin/js/core.7e257fdf56dc.js", "admin/js/unusable_password_field.js": "admin/js/unusable_password_field.017ea86b6ae4.js", "admin/js/SelectFilter2.js": "admin/js/SelectFilter2.b20260d34877.js", "admin/js/filters.js": "admin/js/filters.0e360b7a9f80.js", "admin/js/popup_response.js": "admin/js/popup_response.96190d343c22.js", "admin/js/autocomplete.js": "admin/js/autocomplete.01591ab27be7.js", "admin/js/actions.js": "admin/js/actions.f1d5653edb59.js", "admin/js/theme.js": "admin/js/theme.91cf832f559e.js", "admin/js/calendar.js": "admin/js/calendar.d64496bbf46d.js", "admin/js/nav_sidebar.js": "admin/js/nav_sidebar.3b9190d420b1.js", "admin/js/urlify.js": "admin/js/urlify.ae970a820212.js", "admin/css/widgets.css": "admin/css/widgets.355d088349f3.css", "admin/css/responsive_rtl.css": "admin/css/responsive_rtl.a154194876ee.css", "admin/css/responsive.css": "admin/css/responsive.ae7b57af01c8.css", "admin/css/base.css": "admin/css/base.08e8df8c3104.css", "admin/css/unusable_password_field.css": "admin/css/unusable_password_field.b433f2a95fba.css", "admin/css/rtl.css": "admin/css/rtl.7e532512b807.css", "admin/css/dashboard.css": "admin/css/dashboard.e90f2068217b.css", "admin/css/dark_mode.css": "admin/css/dark_mode.f9ffd47267af.css", "admin/css/changelists.css": "admin/css/changelists.59465e72d1ef.css", "admin/css/autocomplete.css": "admin/css/autocomplete.d24f10bdee41.css", "admin/css/nav_sidebar.css": "admin/css/nav_sidebar.dd925738f4cc.css", "admin/css/login.css": "admin/css/login.a3b47c458e5d.css", "admin/css/forms.css": "admin/css/forms.86203f0362cc.css", "admin/img/icon-clock.svg": "admin/img/icon-clock.e1d4dfac3f2b.svg", "admin/img/icon-deletelink.svg": "admin/img/icon-deletelink.564ef9dc3854.svg", "admin/img/selector-icons.svg": "admin/img/selector-icons.b4555096cea2.svg", "admin/img/tooltag-arrowright.svg": "admin/img/tooltag-arrowright.bbfb788a849e.svg", "admin/img/sorting-icons.svg": "admin/img/sorting-icons.3a097b59f104.svg", "admin/img/search.svg": "admin/img/search.7cf54ff789c6.svg", "admin/img/icon-no.svg": "admin/img/icon-no.439e821418cd.svg", "admin/img/icon-viewlink.svg": "admin/img/icon-viewlink.41eb31f7826e.svg", "admin/img/calendar-icons.svg": "admin/img/calendar-icons.93ab098d1ac1.svg", "admin/img/tooltag-add.svg": "admin/img/tooltag-add.e59d620a9742.svg", "admin/img/icon-changelink.svg": "admin/img/icon-changelink.7eddb320e61f.svg", "admin/img/icon-calendar.svg": "admin/img/icon-calendar.ac7aea671bea.svg", "admin/img/icon-hidelink.svg": "admin/img/icon-hidelink.8d245a995e18.svg", "admin/img/README.txt": "admin/img/README.9849248c9207.txt", "admin/img/icon-unknown-alt.svg": "admin/img/icon-unknown-alt.81536e128bb6.svg", "admin/img/icon-yes.svg": "admin/img/icon-yes.d2f9f035226a.svg", "admin/img/LICENSE": "admin/img/LICENSE.2c54f4e1ca1c", "admin/img/icon-unknown.svg": "admin/img/icon-unknown.a18cb4398978.svg", "admin/img/inline-delete.svg": "admin/img/inline-delete.fec1b761f254.svg", "admin/img/icon-alert.svg": "admin/img/icon-alert.034cc7d8a67f.svg", "admin/img/icon-addlink.svg": "admin/img/icon-addlink.073aeb1feda7.svg", "js/wagtail_hello_world.js": "js/wagtail_hello_world.d41d8cd98f00.js", "css/wagtail_hello_world.css": "css/wagtail_hello_world.d41d8cd98f00.css", "css/welcome_page.css": "css/welcome_page.85e6f9d19e42.css"}, "version": "1.1", "hash": "5210986db473"}